date,time,article,price
2026-02-18,10:21:37,SILVER 1G,260
2026-02-18,10:21:37,GOLD 24 KT 1G,15431
2026-02-18,10:21:37,GOLD 22 KT 1G,14135
2026-02-18,10:21:37,GOLD 18 KT 1G,11573
2026-02-18,10:21:37,GOLD 14 KT 1G,9001
2026-02-18,07:30:28,SILVER 1G,265
2026-02-18,07:30:28,GOLD 24 KT 1G,15431
2026-02-18,07:30:28,GOLD 22 KT 1G,14135
2026-02-18,07:30:28,GOLD 18 KT 1G,11573
2026-02-18,07:30:28,GOLD 14 KT 1G,9001
2026-02-18,04:56:40,SILVER 1G,265
2026-02-18,04:56:40,GOLD 24 KT 1G,15431
2026-02-18,04:56:40,GOLD 22 KT 1G,14135
2026-02-18,04:56:40,GOLD 18 KT 1G,11573
2026-02-18,04:56:40,GOLD 14 KT 1G,9001
2026-02-18,03:58:41,SILVER 1G,265
2026-02-18,03:58:41,GOLD 24 KT 1G,15431
2026-02-18,03:58:41,GOLD 22 KT 1G,14135
2026-02-18,03:58:41,GOLD 18 KT 1G,11573
2026-02-18,03:58:41,GOLD 14 KT 1G,9001
2026-02-18,03:03:45,SILVER 1G,265
2026-02-18,03:03:45,GOLD 24 KT 1G,15431
2026-02-18,03:03:45,GOLD 22 KT 1G,14135
2026-02-18,03:03:45,GOLD 18 KT 1G,11573
2026-02-18,03:03:45,GOLD 14 KT 1G,9001
2026-02-18,02:05:04,SILVER 1G,265
2026-02-18,02:05:04,GOLD 24 KT 1G,15431
2026-02-18,02:05:04,GOLD 22 KT 1G,14135
2026-02-18,02:05:04,GOLD 18 KT 1G,11573
2026-02-18,02:05:04,GOLD 14 KT 1G,9001
2026-02-18,01:16:31,SILVER 1G,265
2026-02-18,01:16:31,GOLD 24 KT 1G,15431
2026-02-18,01:16:31,GOLD 22 KT 1G,14135
2026-02-18,01:16:31,GOLD 18 KT 1G,11573
2026-02-18,01:16:31,GOLD 14 KT 1G,9001
2026-02-18,00:25:44,SILVER 1G,265
2026-02-18,00:25:44,GOLD 24 KT 1G,15431
2026-02-18,00:25:44,GOLD 22 KT 1G,14135
2026-02-18,00:25:44,GOLD 18 KT 1G,11573
2026-02-18,00:25:44,GOLD 14 KT 1G,9001
2026-02-17,23:24:08,SILVER 1G,265
2026-02-17,23:24:08,GOLD 24 KT 1G,15431
2026-02-17,23:24:08,GOLD 22 KT 1G,14135
2026-02-17,23:24:08,GOLD 18 KT 1G,11573
2026-02-17,23:24:08,GOLD 14 KT 1G,9001
2026-02-17,22:25:06,SILVER 1G,265
2026-02-17,22:25:06,GOLD 24 KT 1G,15431
2026-02-17,22:25:06,GOLD 22 KT 1G,14135
2026-02-17,22:25:06,GOLD 18 KT 1G,11573
2026-02-17,22:25:06,GOLD 14 KT 1G,9001
2026-02-17,21:21:27,SILVER 1G,265
2026-02-17,21:21:27,GOLD 24 KT 1G,15431
2026-02-17,21:21:27,GOLD 22 KT 1G,14135
2026-02-17,21:21:27,GOLD 18 KT 1G,11573
2026-02-17,21:21:27,GOLD 14 KT 1G,9001
2026-02-17,19:39:33,SILVER 1G,265
2026-02-17,19:39:33,GOLD 24 KT 1G,15431
2026-02-17,19:39:33,GOLD 22 KT 1G,14135
2026-02-17,19:39:33,GOLD 18 KT 1G,11573
2026-02-17,19:39:33,GOLD 14 KT 1G,9001
2026-02-17,18:28:52,SILVER 1G,265
2026-02-17,18:28:52,GOLD 24 KT 1G,15431
2026-02-17,18:28:52,GOLD 22 KT 1G,14135
2026-02-17,18:28:52,GOLD 18 KT 1G,11573
2026-02-17,18:28:52,GOLD 14 KT 1G,9001
2026-02-17,17:08:15,SILVER 1G,265
2026-02-17,17:08:15,GOLD 24 KT 1G,15431
2026-02-17,17:08:15,GOLD 22 KT 1G,14135
2026-02-17,17:08:15,GOLD 18 KT 1G,11573
2026-02-17,17:08:15,GOLD 14 KT 1G,9001
2026-02-17,16:12:53,SILVER 1G,265
2026-02-17,16:12:53,GOLD 24 KT 1G,15431
2026-02-17,16:12:53,GOLD 22 KT 1G,14135
2026-02-17,16:12:53,GOLD 18 KT 1G,11573
2026-02-17,16:12:53,GOLD 14 KT 1G,9001
2026-02-17,15:15:47,SILVER 1G,265
2026-02-17,15:15:47,GOLD 24 KT 1G,15431
2026-02-17,15:15:47,GOLD 22 KT 1G,14135
2026-02-17,15:15:47,GOLD 18 KT 1G,11573
2026-02-17,15:15:47,GOLD 14 KT 1G,9001
2026-02-17,14:12:12,SILVER 1G,265
2026-02-17,14:12:12,GOLD 24 KT 1G,15502
2026-02-17,14:12:12,GOLD 22 KT 1G,14200
2026-02-17,14:12:12,GOLD 18 KT 1G,11627
2026-02-17,14:12:12,GOLD 14 KT 1G,9042
2026-02-17,13:23:22,SILVER 1G,265
2026-02-17,13:23:22,GOLD 24 KT 1G,15502
2026-02-17,13:23:22,GOLD 22 KT 1G,14200
2026-02-17,13:23:22,GOLD 18 KT 1G,11627
2026-02-17,13:23:22,GOLD 14 KT 1G,9042
2026-02-17,12:28:17,SILVER 1G,265
2026-02-17,12:28:17,GOLD 24 KT 1G,15502
2026-02-17,12:28:17,GOLD 22 KT 1G,14200
2026-02-17,12:28:17,GOLD 18 KT 1G,11627
2026-02-17,12:28:17,GOLD 14 KT 1G,9042
2026-02-17,11:25:59,SILVER 1G,265
2026-02-17,11:25:59,GOLD 24 KT 1G,15502
2026-02-17,11:25:59,GOLD 22 KT 1G,14200
2026-02-17,11:25:59,GOLD 18 KT 1G,11627
2026-02-17,11:25:59,GOLD 14 KT 1G,9042
2026-02-17,09:52:13,SILVER 1G,265
2026-02-17,09:52:13,GOLD 24 KT 1G,15655
2026-02-17,09:52:13,GOLD 22 KT 1G,14340
2026-02-17,09:52:13,GOLD 18 KT 1G,11741
2026-02-17,09:52:13,GOLD 14 KT 1G,9132
2026-02-17,07:27:03,SILVER 1G,265
2026-02-17,07:27:03,GOLD 24 KT 1G,15655
2026-02-17,07:27:03,GOLD 22 KT 1G,14340
2026-02-17,07:27:03,GOLD 18 KT 1G,11741
2026-02-17,07:27:03,GOLD 14 KT 1G,9132
2026-02-17,04:57:17,SILVER 1G,265
2026-02-17,04:57:17,GOLD 24 KT 1G,15655
2026-02-17,04:57:17,GOLD 22 KT 1G,14340
2026-02-17,04:57:17,GOLD 18 KT 1G,11741
2026-02-17,04:57:17,GOLD 14 KT 1G,9132
2026-02-17,03:56:04,SILVER 1G,265
2026-02-17,03:56:04,GOLD 24 KT 1G,15655
2026-02-17,03:56:04,GOLD 22 KT 1G,14340
2026-02-17,03:56:04,GOLD 18 KT 1G,11741
2026-02-17,03:56:04,GOLD 14 KT 1G,9132
2026-02-17,02:56:59,SILVER 1G,265
2026-02-17,02:56:59,GOLD 24 KT 1G,15655
2026-02-17,02:56:59,GOLD 22 KT 1G,14340
2026-02-17,02:56:59,GOLD 18 KT 1G,11741
2026-02-17,02:56:59,GOLD 14 KT 1G,9132
2026-02-17,01:58:07,SILVER 1G,265
2026-02-17,01:58:07,GOLD 24 KT 1G,15655
2026-02-17,01:58:07,GOLD 22 KT 1G,14340
2026-02-17,01:58:07,GOLD 18 KT 1G,11741
2026-02-17,01:58:07,GOLD 14 KT 1G,9132
2026-02-17,01:01:03,SILVER 1G,265
2026-02-17,01:01:03,GOLD 24 KT 1G,15655
2026-02-17,01:01:03,GOLD 22 KT 1G,14340
2026-02-17,01:01:03,GOLD 18 KT 1G,11741
2026-02-17,01:01:03,GOLD 14 KT 1G,9132
2026-02-17,00:10:02,SILVER 1G,265
2026-02-17,00:10:02,GOLD 24 KT 1G,15655
2026-02-17,00:10:02,GOLD 22 KT 1G,14340
2026-02-17,00:10:02,GOLD 18 KT 1G,11741
2026-02-17,00:10:02,GOLD 14 KT 1G,9132
2026-02-16,23:06:08,SILVER 1G,265
2026-02-16,23:06:08,GOLD 24 KT 1G,15655
2026-02-16,23:06:08,GOLD 22 KT 1G,14340
2026-02-16,23:06:08,GOLD 18 KT 1G,11741
2026-02-16,23:06:08,GOLD 14 KT 1G,9132
2026-02-16,22:10:30,SILVER 1G,265
2026-02-16,22:10:30,GOLD 24 KT 1G,15655
2026-02-16,22:10:30,GOLD 22 KT 1G,14340
2026-02-16,22:10:30,GOLD 18 KT 1G,11741
2026-02-16,22:10:30,GOLD 14 KT 1G,9132
2026-02-16,21:08:38,SILVER 1G,265
2026-02-16,21:08:38,GOLD 24 KT 1G,15655
2026-02-16,21:08:38,GOLD 22 KT 1G,14340
2026-02-16,21:08:38,GOLD 18 KT 1G,11741
2026-02-16,21:08:38,GOLD 14 KT 1G,9132
2026-02-16,19:37:27,SILVER 1G,265
2026-02-16,19:37:27,GOLD 24 KT 1G,15655
2026-02-16,19:37:27,GOLD 22 KT 1G,14340
2026-02-16,19:37:27,GOLD 18 KT 1G,11741
2026-02-16,19:37:27,GOLD 14 KT 1G,9132
2026-02-16,18:28:30,SILVER 1G,265
2026-02-16,18:28:30,GOLD 24 KT 1G,15655
2026-02-16,18:28:30,GOLD 22 KT 1G,14340
2026-02-16,18:28:30,GOLD 18 KT 1G,11741
2026-02-16,18:28:30,GOLD 14 KT 1G,9132
2026-02-16,17:09:14,SILVER 1G,265
2026-02-16,17:09:14,GOLD 24 KT 1G,15655
2026-02-16,17:09:14,GOLD 22 KT 1G,14340
2026-02-16,17:09:14,GOLD 18 KT 1G,11741
2026-02-16,17:09:14,GOLD 14 KT 1G,9132
2026-02-16,16:17:01,SILVER 1G,265
2026-02-16,16:17:01,GOLD 24 KT 1G,15655
2026-02-16,16:17:01,GOLD 22 KT 1G,14340
2026-02-16,16:17:01,GOLD 18 KT 1G,11741
2026-02-16,16:17:01,GOLD 14 KT 1G,9132
2026-02-16,15:22:14,SILVER 1G,265
2026-02-16,15:22:14,GOLD 24 KT 1G,15655
2026-02-16,15:22:14,GOLD 22 KT 1G,14340
2026-02-16,15:22:14,GOLD 18 KT 1G,11741
2026-02-16,15:22:14,GOLD 14 KT 1G,9132
2026-02-16,14:14:01,SILVER 1G,265
2026-02-16,14:14:01,GOLD 24 KT 1G,15655
2026-02-16,14:14:01,GOLD 22 KT 1G,14340
2026-02-16,14:14:01,GOLD 18 KT 1G,11741
2026-02-16,14:14:01,GOLD 14 KT 1G,9132
2026-02-16,13:22:49,SILVER 1G,265
2026-02-16,13:22:49,GOLD 24 KT 1G,15655
2026-02-16,13:22:49,GOLD 22 KT 1G,14340
2026-02-16,13:22:49,GOLD 18 KT 1G,11741
2026-02-16,13:22:49,GOLD 14 KT 1G,9132
2026-02-16,11:35:15,SILVER 1G,265
2026-02-16,11:35:15,GOLD 24 KT 1G,15655
2026-02-16,11:35:15,GOLD 22 KT 1G,14340
2026-02-16,11:35:15,GOLD 18 KT 1G,11741
2026-02-16,11:35:15,GOLD 14 KT 1G,9132
2026-02-16,10:01:11,SILVER 1G,280
2026-02-16,10:01:11,GOLD 24 KT 1G,15786
2026-02-16,10:01:11,GOLD 22 KT 1G,14460
2026-02-16,10:01:11,GOLD 18 KT 1G,11840
2026-02-16,10:01:11,GOLD 14 KT 1G,9208
2026-02-16,07:28:48,SILVER 1G,280
2026-02-16,07:28:48,GOLD 24 KT 1G,15786
2026-02-16,07:28:48,GOLD 22 KT 1G,14460
2026-02-16,07:28:48,GOLD 18 KT 1G,11840
2026-02-16,07:28:48,GOLD 14 KT 1G,9208
2026-02-16,04:54:19,SILVER 1G,280
2026-02-16,04:54:19,GOLD 24 KT 1G,15786
2026-02-16,04:54:19,GOLD 22 KT 1G,14460
2026-02-16,04:54:19,GOLD 18 KT 1G,11840
2026-02-16,04:54:19,GOLD 14 KT 1G,9208
2026-02-16,03:51:38,SILVER 1G,280
2026-02-16,03:51:38,GOLD 24 KT 1G,15786
2026-02-16,03:51:38,GOLD 22 KT 1G,14460
2026-02-16,03:51:38,GOLD 18 KT 1G,11840
2026-02-16,03:51:38,GOLD 14 KT 1G,9208
2026-02-16,02:52:38,SILVER 1G,280
2026-02-16,02:52:38,GOLD 24 KT 1G,15786
2026-02-16,02:52:38,GOLD 22 KT 1G,14460
2026-02-16,02:52:38,GOLD 18 KT 1G,11840
2026-02-16,02:52:38,GOLD 14 KT 1G,9208
2026-02-16,01:54:00,SILVER 1G,280
2026-02-16,01:54:00,GOLD 24 KT 1G,15786
2026-02-16,01:54:00,GOLD 22 KT 1G,14460
2026-02-16,01:54:00,GOLD 18 KT 1G,11840
2026-02-16,01:54:00,GOLD 14 KT 1G,9208
2026-02-16,00:53:43,SILVER 1G,280
2026-02-16,00:53:43,GOLD 24 KT 1G,15786
2026-02-16,00:53:43,GOLD 22 KT 1G,14460
2026-02-16,00:53:43,GOLD 18 KT 1G,11840
2026-02-16,00:53:43,GOLD 14 KT 1G,9208
2026-02-16,00:03:45,SILVER 1G,280
2026-02-16,00:03:45,GOLD 24 KT 1G,15786
2026-02-16,00:03:45,GOLD 22 KT 1G,14460
2026-02-16,00:03:45,GOLD 18 KT 1G,11840
2026-02-16,00:03:45,GOLD 14 KT 1G,9208
2026-02-15,22:54:28,SILVER 1G,280
2026-02-15,22:54:28,GOLD 24 KT 1G,15786
2026-02-15,22:54:28,GOLD 22 KT 1G,14460
2026-02-15,22:54:28,GOLD 18 KT 1G,11840
2026-02-15,22:54:28,GOLD 14 KT 1G,9208
2026-02-15,21:57:50,SILVER 1G,280
2026-02-15,21:57:50,GOLD 24 KT 1G,15786
2026-02-15,21:57:50,GOLD 22 KT 1G,14460
2026-02-15,21:57:50,GOLD 18 KT 1G,11840
2026-02-15,21:57:50,GOLD 14 KT 1G,9208
2026-02-15,20:52:59,SILVER 1G,280
2026-02-15,20:52:59,GOLD 24 KT 1G,15786
2026-02-15,20:52:59,GOLD 22 KT 1G,14460
2026-02-15,20:52:59,GOLD 18 KT 1G,11840
2026-02-15,20:52:59,GOLD 14 KT 1G,9208
2026-02-15,19:55:31,SILVER 1G,280
2026-02-15,19:55:31,GOLD 24 KT 1G,15786
2026-02-15,19:55:31,GOLD 22 KT 1G,14460
2026-02-15,19:55:31,GOLD 18 KT 1G,11840
2026-02-15,19:55:31,GOLD 14 KT 1G,9208
2026-02-15,19:13:33,SILVER 1G,280
2026-02-15,19:13:33,GOLD 24 KT 1G,15786
2026-02-15,19:13:33,GOLD 22 KT 1G,14460
2026-02-15,19:13:33,GOLD 18 KT 1G,11840
2026-02-15,19:13:33,GOLD 14 KT 1G,9208
2026-02-15,18:15:39,SILVER 1G,280
2026-02-15,18:15:39,GOLD 24 KT 1G,15786
2026-02-15,18:15:39,GOLD 22 KT 1G,14460
2026-02-15,18:15:39,GOLD 18 KT 1G,11840
2026-02-15,18:15:39,GOLD 14 KT 1G,9208
2026-02-15,16:51:00,SILVER 1G,280
2026-02-15,16:51:00,GOLD 24 KT 1G,15786
2026-02-15,16:51:00,GOLD 22 KT 1G,14460
2026-02-15,16:51:00,GOLD 18 KT 1G,11840
2026-02-15,16:51:00,GOLD 14 KT 1G,9208
2026-02-15,15:54:40,SILVER 1G,280
2026-02-15,15:54:40,GOLD 24 KT 1G,15786
2026-02-15,15:54:40,GOLD 22 KT 1G,14460
2026-02-15,15:54:40,GOLD 18 KT 1G,11840
2026-02-15,15:54:40,GOLD 14 KT 1G,9208
2026-02-15,14:59:33,SILVER 1G,280
2026-02-15,14:59:33,GOLD 24 KT 1G,15786
2026-02-15,14:59:33,GOLD 22 KT 1G,14460
2026-02-15,14:59:33,GOLD 18 KT 1G,11840
2026-02-15,14:59:33,GOLD 14 KT 1G,9208
2026-02-15,14:00:45,SILVER 1G,280
2026-02-15,14:00:45,GOLD 24 KT 1G,15786
2026-02-15,14:00:45,GOLD 22 KT 1G,14460
2026-02-15,14:00:45,GOLD 18 KT 1G,11840
2026-02-15,14:00:45,GOLD 14 KT 1G,9208
2026-02-15,13:07:14,SILVER 1G,280
2026-02-15,13:07:14,GOLD 24 KT 1G,15786
2026-02-15,13:07:14,GOLD 22 KT 1G,14460
2026-02-15,13:07:14,GOLD 18 KT 1G,11840
2026-02-15,13:07:14,GOLD 14 KT 1G,9208
2026-02-15,12:19:55,SILVER 1G,280
2026-02-15,12:19:55,GOLD 24 KT 1G,15786
2026-02-15,12:19:55,GOLD 22 KT 1G,14460
2026-02-15,12:19:55,GOLD 18 KT 1G,11840
2026-02-15,12:19:55,GOLD 14 KT 1G,9208
2026-02-15,11:24:49,SILVER 1G,280
2026-02-15,11:24:49,GOLD 24 KT 1G,15786
2026-02-15,11:24:49,GOLD 22 KT 1G,14460
2026-02-15,11:24:49,GOLD 18 KT 1G,11840
2026-02-15,11:24:49,GOLD 14 KT 1G,9208
2026-02-15,10:22:22,SILVER 1G,280
2026-02-15,10:22:22,GOLD 24 KT 1G,15786
2026-02-15,10:22:22,GOLD 22 KT 1G,14460
2026-02-15,10:22:22,GOLD 18 KT 1G,11840
2026-02-15,10:22:22,GOLD 14 KT 1G,9208
2026-02-15,07:33:05,SILVER 1G,280
2026-02-15,07:33:05,GOLD 24 KT 1G,15786
2026-02-15,07:33:05,GOLD 22 KT 1G,14460
2026-02-15,07:33:05,GOLD 18 KT 1G,11840
2026-02-15,07:33:05,GOLD 14 KT 1G,9208
2026-02-15,04:51:57,SILVER 1G,280
2026-02-15,04:51:57,GOLD 24 KT 1G,15786
2026-02-15,04:51:57,GOLD 22 KT 1G,14460
2026-02-15,04:51:57,GOLD 18 KT 1G,11840
2026-02-15,04:51:57,GOLD 14 KT 1G,9208
2026-02-15,03:51:10,SILVER 1G,280
2026-02-15,03:51:10,GOLD 24 KT 1G,15786
2026-02-15,03:51:10,GOLD 22 KT 1G,14460
2026-02-15,03:51:10,GOLD 18 KT 1G,11840
2026-02-15,03:51:10,GOLD 14 KT 1G,9208
2026-02-15,02:52:04,SILVER 1G,280
2026-02-15,02:52:04,GOLD 24 KT 1G,15786
2026-02-15,02:52:04,GOLD 22 KT 1G,14460
2026-02-15,02:52:04,GOLD 18 KT 1G,11840
2026-02-15,02:52:04,GOLD 14 KT 1G,9208
2026-02-15,01:54:04,SILVER 1G,280
2026-02-15,01:54:04,GOLD 24 KT 1G,15786
2026-02-15,01:54:04,GOLD 22 KT 1G,14460
2026-02-15,01:54:04,GOLD 18 KT 1G,11840
2026-02-15,01:54:04,GOLD 14 KT 1G,9208
2026-02-15,00:52:11,SILVER 1G,280
2026-02-15,00:52:11,GOLD 24 KT 1G,15786
2026-02-15,00:52:11,GOLD 22 KT 1G,14460
2026-02-15,00:52:11,GOLD 18 KT 1G,11840
2026-02-15,00:52:11,GOLD 14 KT 1G,9208
2026-02-15,00:01:32,SILVER 1G,280
2026-02-15,00:01:32,GOLD 24 KT 1G,15786
2026-02-15,00:01:32,GOLD 22 KT 1G,14460
2026-02-15,00:01:32,GOLD 18 KT 1G,11840
2026-02-15,00:01:32,GOLD 14 KT 1G,9208
2026-02-14,22:54:09,SILVER 1G,280
2026-02-14,22:54:09,GOLD 24 KT 1G,15786
2026-02-14,22:54:09,GOLD 22 KT 1G,14460
2026-02-14,22:54:09,GOLD 18 KT 1G,11840
2026-02-14,22:54:09,GOLD 14 KT 1G,9208
2026-02-14,21:57:12,SILVER 1G,280
2026-02-14,21:57:12,GOLD 24 KT 1G,15786
2026-02-14,21:57:12,GOLD 22 KT 1G,14460
2026-02-14,21:57:12,GOLD 18 KT 1G,11840
2026-02-14,21:57:12,GOLD 14 KT 1G,9208
2026-02-14,20:53:24,SILVER 1G,280
2026-02-14,20:53:24,GOLD 24 KT 1G,15786
2026-02-14,20:53:24,GOLD 22 KT 1G,14460
2026-02-14,20:53:24,GOLD 18 KT 1G,11840
2026-02-14,20:53:24,GOLD 14 KT 1G,9208
2026-02-14,19:54:48,SILVER 1G,280
2026-02-14,19:54:48,GOLD 24 KT 1G,15786
2026-02-14,19:54:48,GOLD 22 KT 1G,14460
2026-02-14,19:54:48,GOLD 18 KT 1G,11840
2026-02-14,19:54:48,GOLD 14 KT 1G,9208
2026-02-14,19:12:39,SILVER 1G,280
2026-02-14,19:12:39,GOLD 24 KT 1G,15786
2026-02-14,19:12:39,GOLD 22 KT 1G,14460
2026-02-14,19:12:39,GOLD 18 KT 1G,11840
2026-02-14,19:12:39,GOLD 14 KT 1G,9208
2026-02-14,18:12:46,SILVER 1G,280
2026-02-14,18:12:46,GOLD 24 KT 1G,15786
2026-02-14,18:12:46,GOLD 22 KT 1G,14460
2026-02-14,18:12:46,GOLD 18 KT 1G,11840
2026-02-14,18:12:46,GOLD 14 KT 1G,9208
2026-02-14,16:50:56,SILVER 1G,280
2026-02-14,16:50:56,GOLD 24 KT 1G,15786
2026-02-14,16:50:56,GOLD 22 KT 1G,14460
2026-02-14,16:50:56,GOLD 18 KT 1G,11840
2026-02-14,16:50:56,GOLD 14 KT 1G,9208
2026-02-14,15:54:46,SILVER 1G,280
2026-02-14,15:54:46,GOLD 24 KT 1G,15786
2026-02-14,15:54:46,GOLD 22 KT 1G,14460
2026-02-14,15:54:46,GOLD 18 KT 1G,11840
2026-02-14,15:54:46,GOLD 14 KT 1G,9208
2026-02-14,14:58:29,SILVER 1G,280
2026-02-14,14:58:29,GOLD 24 KT 1G,15786
2026-02-14,14:58:29,GOLD 22 KT 1G,14460
2026-02-14,14:58:29,GOLD 18 KT 1G,11840
2026-02-14,14:58:29,GOLD 14 KT 1G,9208
2026-02-14,13:59:51,SILVER 1G,280
2026-02-14,13:59:51,GOLD 24 KT 1G,15786
2026-02-14,13:59:51,GOLD 22 KT 1G,14460
2026-02-14,13:59:51,GOLD 18 KT 1G,11840
2026-02-14,13:59:51,GOLD 14 KT 1G,9208
2026-02-14,13:02:32,SILVER 1G,280
2026-02-14,13:02:32,GOLD 24 KT 1G,15786
2026-02-14,13:02:32,GOLD 22 KT 1G,14460
2026-02-14,13:02:32,GOLD 18 KT 1G,11840
2026-02-14,13:02:32,GOLD 14 KT 1G,9208
2026-02-14,12:11:54,SILVER 1G,280
2026-02-14,12:11:54,GOLD 24 KT 1G,15786
2026-02-14,12:11:54,GOLD 22 KT 1G,14460
2026-02-14,12:11:54,GOLD 18 KT 1G,11840
2026-02-14,12:11:54,GOLD 14 KT 1G,9208
2026-02-14,11:12:32,SILVER 1G,280
2026-02-14,11:12:32,GOLD 24 KT 1G,15786
2026-02-14,11:12:32,GOLD 22 KT 1G,14460
2026-02-14,11:12:32,GOLD 18 KT 1G,11840
2026-02-14,11:12:32,GOLD 14 KT 1G,9208
2026-02-14,09:39:11,SILVER 1G,280
2026-02-14,09:39:11,GOLD 24 KT 1G,15524
2026-02-14,09:39:11,GOLD 22 KT 1G,14220
2026-02-14,09:39:11,GOLD 18 KT 1G,11643
2026-02-14,09:39:11,GOLD 14 KT 1G,9055
2026-02-14,07:22:46,SILVER 1G,280
2026-02-14,07:22:46,GOLD 24 KT 1G,15524
2026-02-14,07:22:46,GOLD 22 KT 1G,14220
2026-02-14,07:22:46,GOLD 18 KT 1G,11643
2026-02-14,07:22:46,GOLD 14 KT 1G,9055
2026-02-14,04:58:45,SILVER 1G,280
2026-02-14,04:58:45,GOLD 24 KT 1G,15524
2026-02-14,04:58:45,GOLD 22 KT 1G,14220
2026-02-14,04:58:45,GOLD 18 KT 1G,11643
2026-02-14,04:58:45,GOLD 14 KT 1G,9055
2026-02-14,04:01:19,SILVER 1G,280
2026-02-14,04:01:19,GOLD 24 KT 1G,15524
2026-02-14,04:01:19,GOLD 22 KT 1G,14220
2026-02-14,04:01:19,GOLD 18 KT 1G,11643
2026-02-14,04:01:19,GOLD 14 KT 1G,9055
2026-02-14,03:03:07,SILVER 1G,280
2026-02-14,03:03:07,GOLD 24 KT 1G,15524
2026-02-14,03:03:07,GOLD 22 KT 1G,14220
2026-02-14,03:03:07,GOLD 18 KT 1G,11643
2026-02-14,03:03:07,GOLD 14 KT 1G,9055
2026-02-14,02:06:02,SILVER 1G,280
2026-02-14,02:06:02,GOLD 24 KT 1G,15524
2026-02-14,02:06:02,GOLD 22 KT 1G,14220
2026-02-14,02:06:02,GOLD 18 KT 1G,11643
2026-02-14,02:06:02,GOLD 14 KT 1G,9055
2026-02-14,01:11:07,SILVER 1G,280
2026-02-14,01:11:07,GOLD 24 KT 1G,15524
2026-02-14,01:11:07,GOLD 22 KT 1G,14220
2026-02-14,01:11:07,GOLD 18 KT 1G,11643
2026-02-14,01:11:07,GOLD 14 KT 1G,9055
2026-02-14,00:14:24,SILVER 1G,280
2026-02-14,00:14:24,GOLD 24 KT 1G,15524
2026-02-14,00:14:24,GOLD 22 KT 1G,14220
2026-02-14,00:14:24,GOLD 18 KT 1G,11643
2026-02-14,00:14:24,GOLD 14 KT 1G,9055
2026-02-13,23:08:39,SILVER 1G,280
2026-02-13,23:08:39,GOLD 24 KT 1G,15524
2026-02-13,23:08:39,GOLD 22 KT 1G,14220
2026-02-13,23:08:39,GOLD 18 KT 1G,11643
2026-02-13,23:08:39,GOLD 14 KT 1G,9055
2026-02-13,22:13:06,SILVER 1G,280
2026-02-13,22:13:06,GOLD 24 KT 1G,15524
2026-02-13,22:13:06,GOLD 22 KT 1G,14220
2026-02-13,22:13:06,GOLD 18 KT 1G,11643
2026-02-13,22:13:06,GOLD 14 KT 1G,9055
2026-02-13,21:10:07,SILVER 1G,280
2026-02-13,21:10:07,GOLD 24 KT 1G,15524
2026-02-13,21:10:07,GOLD 22 KT 1G,14220
2026-02-13,21:10:07,GOLD 18 KT 1G,11643
2026-02-13,21:10:07,GOLD 14 KT 1G,9055
2026-02-13,19:31:29,SILVER 1G,280
2026-02-13,19:31:29,GOLD 24 KT 1G,15524
2026-02-13,19:31:29,GOLD 22 KT 1G,14220
2026-02-13,19:31:29,GOLD 18 KT 1G,11643
2026-02-13,19:31:29,GOLD 14 KT 1G,9055
2026-02-13,18:24:58,SILVER 1G,280
2026-02-13,18:24:58,GOLD 24 KT 1G,15524
2026-02-13,18:24:58,GOLD 22 KT 1G,14220
2026-02-13,18:24:58,GOLD 18 KT 1G,11643
2026-02-13,18:24:58,GOLD 14 KT 1G,9055
2026-02-13,17:00:23,SILVER 1G,280
2026-02-13,17:00:23,GOLD 24 KT 1G,15590
2026-02-13,17:00:23,GOLD 22 KT 1G,14280
2026-02-13,17:00:23,GOLD 18 KT 1G,11692
2026-02-13,17:00:23,GOLD 14 KT 1G,9093
2026-02-13,16:07:32,SILVER 1G,280
2026-02-13,16:07:32,GOLD 24 KT 1G,15590
2026-02-13,16:07:32,GOLD 22 KT 1G,14280
2026-02-13,16:07:32,GOLD 18 KT 1G,11692
2026-02-13,16:07:32,GOLD 14 KT 1G,9093
2026-02-13,15:11:27,SILVER 1G,280
2026-02-13,15:11:27,GOLD 24 KT 1G,15590
2026-02-13,15:11:27,GOLD 22 KT 1G,14280
2026-02-13,15:11:27,GOLD 18 KT 1G,11692
2026-02-13,15:11:27,GOLD 14 KT 1G,9093
2026-02-13,14:10:00,SILVER 1G,280
2026-02-13,14:10:00,GOLD 24 KT 1G,15590
2026-02-13,14:10:00,GOLD 22 KT 1G,14280
2026-02-13,14:10:00,GOLD 18 KT 1G,11692
2026-02-13,14:10:00,GOLD 14 KT 1G,9093
2026-02-13,12:35:26,SILVER 1G,280
2026-02-13,12:35:26,GOLD 24 KT 1G,15590
2026-02-13,12:35:26,GOLD 22 KT 1G,14280
2026-02-13,12:35:26,GOLD 18 KT 1G,11692
2026-02-13,12:35:26,GOLD 14 KT 1G,9093
2026-02-13,11:27:56,SILVER 1G,280
2026-02-13,11:27:56,GOLD 24 KT 1G,15590
2026-02-13,11:27:56,GOLD 22 KT 1G,14280
2026-02-13,11:27:56,GOLD 18 KT 1G,11692
2026-02-13,11:27:56,GOLD 14 KT 1G,9093
2026-02-13,10:21:40,SILVER 1G,280
2026-02-13,10:21:40,GOLD 24 KT 1G,15590
2026-02-13,10:21:40,GOLD 22 KT 1G,14280
2026-02-13,10:21:40,GOLD 18 KT 1G,11692
2026-02-13,10:21:40,GOLD 14 KT 1G,9093
2026-02-13,07:34:00,SILVER 1G,300
2026-02-13,07:34:00,GOLD 24 KT 1G,15852
2026-02-13,07:34:00,GOLD 22 KT 1G,14520
2026-02-13,07:34:00,GOLD 18 KT 1G,11889
2026-02-13,07:34:00,GOLD 14 KT 1G,9246
2026-02-13,04:56:48,SILVER 1G,300
2026-02-13,04:56:48,GOLD 24 KT 1G,15852
2026-02-13,04:56:48,GOLD 22 KT 1G,14520
2026-02-13,04:56:48,GOLD 18 KT 1G,11889
2026-02-13,04:56:48,GOLD 14 KT 1G,9246
2026-02-13,04:00:23,SILVER 1G,300
2026-02-13,04:00:23,GOLD 24 KT 1G,15852
2026-02-13,04:00:23,GOLD 22 KT 1G,14520
2026-02-13,04:00:23,GOLD 18 KT 1G,11889
2026-02-13,04:00:23,GOLD 14 KT 1G,9246
2026-02-13,03:01:13,SILVER 1G,300
2026-02-13,03:01:13,GOLD 24 KT 1G,15852
2026-02-13,03:01:13,GOLD 22 KT 1G,14520
2026-02-13,03:01:13,GOLD 18 KT 1G,11889
2026-02-13,03:01:13,GOLD 14 KT 1G,9246
2026-02-13,02:02:57,SILVER 1G,300
2026-02-13,02:02:57,GOLD 24 KT 1G,15852
2026-02-13,02:02:57,GOLD 22 KT 1G,14520
2026-02-13,02:02:57,GOLD 18 KT 1G,11889
2026-02-13,02:02:57,GOLD 14 KT 1G,9246
2026-02-13,00:35:00,SILVER 1G,300
2026-02-13,00:35:00,GOLD 24 KT 1G,15852
2026-02-13,00:35:00,GOLD 22 KT 1G,14520
2026-02-13,00:35:00,GOLD 18 KT 1G,11889
2026-02-13,00:35:00,GOLD 14 KT 1G,9246
2026-02-12,23:26:51,SILVER 1G,300
2026-02-12,23:26:51,GOLD 24 KT 1G,15852
2026-02-12,23:26:51,GOLD 22 KT 1G,14520
2026-02-12,23:26:51,GOLD 18 KT 1G,11889
2026-02-12,23:26:51,GOLD 14 KT 1G,9246
2026-02-12,22:26:11,SILVER 1G,300
2026-02-12,22:26:11,GOLD 24 KT 1G,15852
2026-02-12,22:26:11,GOLD 22 KT 1G,14520
2026-02-12,22:26:11,GOLD 18 KT 1G,11889
2026-02-12,22:26:11,GOLD 14 KT 1G,9246
2026-02-12,20:14:56,SILVER 1G,300
2026-02-12,20:14:56,GOLD 24 KT 1G,15852
2026-02-12,20:14:56,GOLD 22 KT 1G,14520
2026-02-12,20:14:56,GOLD 18 KT 1G,11889
2026-02-12,20:14:56,GOLD 14 KT 1G,9246
2026-02-12,18:33:11,SILVER 1G,300
2026-02-12,18:33:11,GOLD 24 KT 1G,15852
2026-02-12,18:33:11,GOLD 22 KT 1G,14520
2026-02-12,18:33:11,GOLD 18 KT 1G,11889
2026-02-12,18:33:11,GOLD 14 KT 1G,9246
2026-02-12,17:08:25,SILVER 1G,300
2026-02-12,17:08:25,GOLD 24 KT 1G,15852
2026-02-12,17:08:25,GOLD 22 KT 1G,14520
2026-02-12,17:08:25,GOLD 18 KT 1G,11889
2026-02-12,17:08:25,GOLD 14 KT 1G,9246
2026-02-12,16:13:06,SILVER 1G,300
2026-02-12,16:13:06,GOLD 24 KT 1G,15852
2026-02-12,16:13:06,GOLD 22 KT 1G,14520
2026-02-12,16:13:06,GOLD 18 KT 1G,11889
2026-02-12,16:13:06,GOLD 14 KT 1G,9246
2026-02-12,15:16:27,SILVER 1G,300
2026-02-12,15:16:27,GOLD 24 KT 1G,15852
2026-02-12,15:16:27,GOLD 22 KT 1G,14520
2026-02-12,15:16:27,GOLD 18 KT 1G,11889
2026-02-12,15:16:27,GOLD 14 KT 1G,9246
2026-02-12,14:55:48,SILVER 1G,300
2026-02-12,14:55:48,GOLD 24 KT 1G,15852
2026-02-12,14:55:48,GOLD 22 KT 1G,14520
2026-02-12,14:55:48,GOLD 18 KT 1G,11889
2026-02-12,14:55:48,GOLD 14 KT 1G,9246
2026-02-12,14:53:25,SILVER 1G,300
2026-02-12,14:53:25,GOLD 24 KT 1G,15852
2026-02-12,14:53:25,GOLD 22 KT 1G,14520
2026-02-12,14:53:25,GOLD 18 KT 1G,11889
2026-02-12,14:53:25,GOLD 14 KT 1G,9246
2026-02-12,14:47:08,SILVER 1G,300
2026-02-12,14:47:08,GOLD 24 KT 1G,15852
2026-02-12,14:47:08,GOLD 22 KT 1G,14520
2026-02-12,14:47:08,GOLD 18 KT 1G,11889
2026-02-12,14:47:08,GOLD 14 KT 1G,9246
2026-02-12,14:42:03,SILVER 1G,300
2026-02-12,14:42:03,GOLD 24 KT 1G,15852
2026-02-12,14:42:03,GOLD 22 KT 1G,14520
2026-02-12,14:42:03,GOLD 18 KT 1G,11889
2026-02-12,14:42:03,GOLD 14 KT 1G,9246
2026-02-12,14:38:09,SILVER 1G,300
2026-02-12,14:38:09,GOLD 24 KT 1G,15852
2026-02-12,14:38:09,GOLD 22 KT 1G,14520
2026-02-12,14:38:09,GOLD 18 KT 1G,11889
2026-02-12,14:38:09,GOLD 14 KT 1G,9246
2026-02-12,14:35:52,SILVER 1G,300
2026-02-12,14:35:52,GOLD 24 KT 1G,15852
2026-02-12,14:35:52,GOLD 22 KT 1G,14520
2026-02-12,14:35:52,GOLD 18 KT 1G,11889
2026-02-12,14:35:52,GOLD 14 KT 1G,9246
2026-02-12,14:34:02,SILVER 1G,300
2026-02-12,14:34:02,GOLD 24 KT 1G,15852
2026-02-12,14:34:02,GOLD 22 KT 1G,14520
2026-02-12,14:34:02,GOLD 18 KT 1G,11889
2026-02-12,14:34:02,GOLD 14 KT 1G,9246
2026-02-12,14:23:57,SILVER 1G,300
2026-02-12,14:23:57,GOLD 24 KT 1G,15852
2026-02-12,14:23:57,GOLD 22 KT 1G,14520
2026-02-12,14:23:57,GOLD 18 KT 1G,11889
2026-02-12,14:23:57,GOLD 14 KT 1G,9246
2026-02-12,14:12:47,SILVER 1G,300
2026-02-12,14:12:47,GOLD 24 KT 1G,15852
2026-02-12,14:12:47,GOLD 22 KT 1G,14520
2026-02-12,14:12:47,GOLD 18 KT 1G,11889
2026-02-12,14:12:47,GOLD 14 KT 1G,9246
2026-02-12,13:20:44,SILVER 1G,300
2026-02-12,13:20:44,GOLD 24 KT 1G,15852
2026-02-12,13:20:44,GOLD 22 KT 1G,14520
2026-02-12,13:20:44,GOLD 18 KT 1G,11889
2026-02-12,13:20:44,GOLD 14 KT 1G,9246
2026-02-12,12:49:42,SILVER 1G,300
2026-02-12,12:49:42,GOLD 24 KT 1G,15852
2026-02-12,12:49:42,GOLD 22 KT 1G,14520
2026-02-12,12:49:42,GOLD 18 KT 1G,11889
2026-02-12,12:49:42,GOLD 14 KT 1G,9246
2026-02-12,11:33:56,SILVER 1G,300
2026-02-12,11:33:56,GOLD 24 KT 1G,15852
2026-02-12,11:33:56,GOLD 22 KT 1G,14520
2026-02-12,11:33:56,GOLD 18 KT 1G,11889
2026-02-12,11:33:56,GOLD 14 KT 1G,9246
2026-02-12,10:25:45,SILVER 1G,300
2026-02-12,10:25:45,GOLD 24 KT 1G,15852
2026-02-12,10:25:45,GOLD 22 KT 1G,14520
2026-02-12,10:25:45,GOLD 18 KT 1G,11889
2026-02-12,10:25:45,GOLD 14 KT 1G,9246
2026-02-12,07:31:05,SILVER 1G,300
2026-02-12,07:31:05,GOLD 24 KT 1G,15972
2026-02-12,07:31:05,GOLD 22 KT 1G,14630
2026-02-12,07:31:05,GOLD 18 KT 1G,11979
2026-02-12,07:31:05,GOLD 14 KT 1G,9316
2026-02-12,05:00:08,SILVER 1G,300
2026-02-12,05:00:08,GOLD 24 KT 1G,15972
2026-02-12,05:00:08,GOLD 22 KT 1G,14630
2026-02-12,05:00:08,GOLD 18 KT 1G,11979
2026-02-12,05:00:08,GOLD 14 KT 1G,9316
2026-02-12,03:57:31,SILVER 1G,300
2026-02-12,03:57:31,GOLD 24 KT 1G,15972
2026-02-12,03:57:31,GOLD 22 KT 1G,14630
2026-02-12,03:57:31,GOLD 18 KT 1G,11979
2026-02-12,03:57:31,GOLD 14 KT 1G,9316
2026-02-12,03:02:25,SILVER 1G,300
2026-02-12,03:02:25,GOLD 24 KT 1G,15972
2026-02-12,03:02:25,GOLD 22 KT 1G,14630
2026-02-12,03:02:25,GOLD 18 KT 1G,11979
2026-02-12,03:02:25,GOLD 14 KT 1G,9316
2026-02-12,02:06:46,SILVER 1G,300
2026-02-12,02:06:46,GOLD 24 KT 1G,15972
2026-02-12,02:06:46,GOLD 22 KT 1G,14630
2026-02-12,02:06:46,GOLD 18 KT 1G,11979
2026-02-12,02:06:46,GOLD 14 KT 1G,9316
2026-02-12,00:30:32,SILVER 1G,300
2026-02-12,00:30:32,GOLD 24 KT 1G,15972
2026-02-12,00:30:32,GOLD 22 KT 1G,14630
2026-02-12,00:30:32,GOLD 18 KT 1G,11979
2026-02-12,00:30:32,GOLD 14 KT 1G,9316
2026-02-11,22:43:34,SILVER 1G,300
2026-02-11,22:43:34,GOLD 24 KT 1G,15972
2026-02-11,22:43:34,GOLD 22 KT 1G,14630
2026-02-11,22:43:34,GOLD 18 KT 1G,11979
2026-02-11,22:43:34,GOLD 14 KT 1G,9316
2026-02-11,21:29:47,SILVER 1G,300
2026-02-11,21:29:47,GOLD 24 KT 1G,15972
2026-02-11,21:29:47,GOLD 22 KT 1G,14630
2026-02-11,21:29:47,GOLD 18 KT 1G,11979
2026-02-11,21:29:47,GOLD 14 KT 1G,9316
2026-02-11,20:21:30,SILVER 1G,300
2026-02-11,20:21:30,GOLD 24 KT 1G,15972
2026-02-11,20:21:30,GOLD 22 KT 1G,14630
2026-02-11,20:21:30,GOLD 18 KT 1G,11979
2026-02-11,20:21:30,GOLD 14 KT 1G,9316
2026-02-11,18:35:23,SILVER 1G,300
2026-02-11,18:35:23,GOLD 24 KT 1G,15972
2026-02-11,18:35:23,GOLD 22 KT 1G,14630
2026-02-11,18:35:23,GOLD 18 KT 1G,11979
2026-02-11,18:35:23,GOLD 14 KT 1G,9316
2026-02-11,17:13:01,SILVER 1G,300
2026-02-11,17:13:01,GOLD 24 KT 1G,15862
2026-02-11,17:13:01,GOLD 22 KT 1G,14530
2026-02-11,17:13:01,GOLD 18 KT 1G,11897
2026-02-11,17:13:01,GOLD 14 KT 1G,9253
2026-02-11,16:22:37,SILVER 1G,300
2026-02-11,16:22:37,GOLD 24 KT 1G,15862
2026-02-11,16:22:37,GOLD 22 KT 1G,14530
2026-02-11,16:22:37,GOLD 18 KT 1G,11897
2026-02-11,16:22:37,GOLD 14 KT 1G,9253
2026-02-11,15:26:48,SILVER 1G,300
2026-02-11,15:26:48,GOLD 24 KT 1G,15862
2026-02-11,15:26:48,GOLD 22 KT 1G,14530
2026-02-11,15:26:48,GOLD 18 KT 1G,11897
2026-02-11,15:26:48,GOLD 14 KT 1G,9253
2026-02-11,14:27:03,SILVER 1G,300
2026-02-11,14:27:03,GOLD 24 KT 1G,15862
2026-02-11,14:27:03,GOLD 22 KT 1G,14530
2026-02-11,14:27:03,GOLD 18 KT 1G,11897
2026-02-11,14:27:03,GOLD 14 KT 1G,9253
2026-02-11,13:28:01,SILVER 1G,300
2026-02-11,13:28:01,GOLD 24 KT 1G,15862
2026-02-11,13:28:01,GOLD 22 KT 1G,14530
2026-02-11,13:28:01,GOLD 18 KT 1G,11897
2026-02-11,13:28:01,GOLD 14 KT 1G,9253
2026-02-11,12:28:29,SILVER 1G,300
2026-02-11,12:28:29,GOLD 24 KT 1G,15862
2026-02-11,12:28:29,GOLD 22 KT 1G,14530
2026-02-11,12:28:29,GOLD 18 KT 1G,11897
2026-02-11,12:28:29,GOLD 14 KT 1G,9253
2026-02-11,10:30:58,SILVER 1G,300
2026-02-11,10:30:58,GOLD 24 KT 1G,15862
2026-02-11,10:30:58,GOLD 22 KT 1G,14530
2026-02-11,10:30:58,GOLD 18 KT 1G,11897
2026-02-11,10:30:58,GOLD 14 KT 1G,9253
2026-02-11,07:37:45,SILVER 1G,300
2026-02-11,07:37:45,GOLD 24 KT 1G,15890
2026-02-11,07:37:45,GOLD 22 KT 1G,14555
2026-02-11,07:37:45,GOLD 18 KT 1G,11917
2026-02-11,07:37:45,GOLD 14 KT 1G,9268
2026-02-11,05:06:32,SILVER 1G,300
2026-02-11,05:06:32,GOLD 24 KT 1G,15890
2026-02-11,05:06:32,GOLD 22 KT 1G,14555
2026-02-11,05:06:32,GOLD 18 KT 1G,11917
2026-02-11,05:06:32,GOLD 14 KT 1G,9268
2026-02-11,04:08:01,SILVER 1G,300
2026-02-11,04:08:01,GOLD 24 KT 1G,15890
2026-02-11,04:08:01,GOLD 22 KT 1G,14555
2026-02-11,04:08:01,GOLD 18 KT 1G,11917
2026-02-11,04:08:01,GOLD 14 KT 1G,9268
2026-02-11,03:10:19,SILVER 1G,300
2026-02-11,03:10:19,GOLD 24 KT 1G,15890
2026-02-11,03:10:19,GOLD 22 KT 1G,14555
2026-02-11,03:10:19,GOLD 18 KT 1G,11917
2026-02-11,03:10:19,GOLD 14 KT 1G,9268
2026-02-11,02:12:10,SILVER 1G,300
2026-02-11,02:12:10,GOLD 24 KT 1G,15890
2026-02-11,02:12:10,GOLD 22 KT 1G,14555
2026-02-11,02:12:10,GOLD 18 KT 1G,11917
2026-02-11,02:12:10,GOLD 14 KT 1G,9268
2026-02-11,00:49:43,SILVER 1G,300
2026-02-11,00:49:43,GOLD 24 KT 1G,15890
2026-02-11,00:49:43,GOLD 22 KT 1G,14555
2026-02-11,00:49:43,GOLD 18 KT 1G,11917
2026-02-11,00:49:43,GOLD 14 KT 1G,9268
2026-02-10,23:30:23,SILVER 1G,300
2026-02-10,23:30:23,GOLD 24 KT 1G,15890
2026-02-10,23:30:23,GOLD 22 KT 1G,14555
2026-02-10,23:30:23,GOLD 18 KT 1G,11917
2026-02-10,23:30:23,GOLD 14 KT 1G,9268
2026-02-10,21:38:05,SILVER 1G,300
2026-02-10,21:38:05,GOLD 24 KT 1G,15890
2026-02-10,21:38:05,GOLD 22 KT 1G,14555
2026-02-10,21:38:05,GOLD 18 KT 1G,11917
2026-02-10,21:38:05,GOLD 14 KT 1G,9268
2026-02-10,20:27:02,SILVER 1G,300
2026-02-10,20:27:02,GOLD 24 KT 1G,15890
2026-02-10,20:27:02,GOLD 22 KT 1G,14555
2026-02-10,20:27:02,GOLD 18 KT 1G,11917
2026-02-10,20:27:02,GOLD 14 KT 1G,9268
2026-02-10,18:39:02,SILVER 1G,300
2026-02-10,18:39:02,GOLD 24 KT 1G,15890
2026-02-10,18:39:02,GOLD 22 KT 1G,14555
2026-02-10,18:39:02,GOLD 18 KT 1G,11917
2026-02-10,18:39:02,GOLD 14 KT 1G,9268
2026-02-10,16:33:16,SILVER 1G,300
2026-02-10,16:33:16,GOLD 24 KT 1G,15802
2026-02-10,16:33:16,GOLD 22 KT 1G,14475
2026-02-10,16:33:16,GOLD 18 KT 1G,11852
2026-02-10,16:33:16,GOLD 14 KT 1G,9218
2026-02-10,15:29:17,SILVER 1G,300
2026-02-10,15:29:17,GOLD 24 KT 1G,15802
2026-02-10,15:29:17,GOLD 22 KT 1G,14475
2026-02-10,15:29:17,GOLD 18 KT 1G,11852
2026-02-10,15:29:17,GOLD 14 KT 1G,9218
2026-02-10,14:23:25,SILVER 1G,300
2026-02-10,14:23:25,GOLD 24 KT 1G,15802
2026-02-10,14:23:25,GOLD 22 KT 1G,14475
2026-02-10,14:23:25,GOLD 18 KT 1G,11852
2026-02-10,14:23:25,GOLD 14 KT 1G,9218
2026-02-10,12:31:30,SILVER 1G,300
2026-02-10,12:31:30,GOLD 24 KT 1G,15802
2026-02-10,12:31:30,GOLD 22 KT 1G,14475
2026-02-10,12:31:30,GOLD 18 KT 1G,11852
2026-02-10,12:31:30,GOLD 14 KT 1G,9218
2026-02-10,10:32:37,SILVER 1G,300
2026-02-10,10:32:37,GOLD 24 KT 1G,15802
2026-02-10,10:32:37,GOLD 22 KT 1G,14475
2026-02-10,10:32:37,GOLD 18 KT 1G,11852
2026-02-10,10:32:37,GOLD 14 KT 1G,9218
2026-02-10,07:41:38,SILVER 1G,300
2026-02-10,07:41:38,GOLD 24 KT 1G,15802
2026-02-10,07:41:38,GOLD 22 KT 1G,14475
2026-02-10,07:41:38,GOLD 18 KT 1G,11852
2026-02-10,07:41:38,GOLD 14 KT 1G,9218
2026-02-10,05:05:42,SILVER 1G,300
2026-02-10,05:05:42,GOLD 24 KT 1G,15802
2026-02-10,05:05:42,GOLD 22 KT 1G,14475
2026-02-10,05:05:42,GOLD 18 KT 1G,11852
2026-02-10,05:05:42,GOLD 14 KT 1G,9218
2026-02-10,04:03:59,SILVER 1G,300
2026-02-10,04:03:59,GOLD 24 KT 1G,15802
2026-02-10,04:03:59,GOLD 22 KT 1G,14475
2026-02-10,04:03:59,GOLD 18 KT 1G,11852
2026-02-10,04:03:59,GOLD 14 KT 1G,9218
2026-02-10,03:07:20,SILVER 1G,300
2026-02-10,03:07:20,GOLD 24 KT 1G,15802
2026-02-10,03:07:20,GOLD 22 KT 1G,14475
2026-02-10,03:07:20,GOLD 18 KT 1G,11852
2026-02-10,03:07:20,GOLD 14 KT 1G,9218
2026-02-10,01:52:54,SILVER 1G,300
2026-02-10,01:52:54,GOLD 24 KT 1G,15802
2026-02-10,01:52:54,GOLD 22 KT 1G,14475
2026-02-10,01:52:54,GOLD 18 KT 1G,11852
2026-02-10,01:52:54,GOLD 14 KT 1G,9218
2026-02-10,00:54:52,SILVER 1G,300
2026-02-10,00:54:52,GOLD 24 KT 1G,15802
2026-02-10,00:54:52,GOLD 22 KT 1G,14475
2026-02-10,00:54:52,GOLD 18 KT 1G,11852
2026-02-10,00:54:52,GOLD 14 KT 1G,9218
2026-02-09,23:14:59,SILVER 1G,300
2026-02-09,23:14:59,GOLD 24 KT 1G,15802
2026-02-09,23:14:59,GOLD 22 KT 1G,14475
2026-02-09,23:14:59,GOLD 18 KT 1G,11852
2026-02-09,23:14:59,GOLD 14 KT 1G,9218
2026-02-09,21:18:48,SILVER 1G,300
2026-02-09,21:18:48,GOLD 24 KT 1G,15802
2026-02-09,21:18:48,GOLD 22 KT 1G,14475
2026-02-09,21:18:48,GOLD 18 KT 1G,11852
2026-02-09,21:18:48,GOLD 14 KT 1G,9218
2026-02-09,19:41:48,SILVER 1G,300
2026-02-09,19:41:48,GOLD 24 KT 1G,15802
2026-02-09,19:41:48,GOLD 22 KT 1G,14475
2026-02-09,19:41:48,GOLD 18 KT 1G,11852
2026-02-09,19:41:48,GOLD 14 KT 1G,9218
2026-02-09,18:23:46,SILVER 1G,300
2026-02-09,18:23:46,GOLD 24 KT 1G,15802
2026-02-09,18:23:46,GOLD 22 KT 1G,14475
2026-02-09,18:23:46,GOLD 18 KT 1G,11852
2026-02-09,18:23:46,GOLD 14 KT 1G,9218
2026-02-09,17:11:24,SILVER 1G,300
2026-02-09,17:11:24,GOLD 24 KT 1G,15802
2026-02-09,17:11:24,GOLD 22 KT 1G,14475
2026-02-09,17:11:24,GOLD 18 KT 1G,11852
2026-02-09,17:11:24,GOLD 14 KT 1G,9218
2026-02-09,16:23:28,SILVER 1G,300
2026-02-09,16:23:28,GOLD 24 KT 1G,15802
2026-02-09,16:23:28,GOLD 22 KT 1G,14475
2026-02-09,16:23:28,GOLD 18 KT 1G,11852
2026-02-09,16:23:28,GOLD 14 KT 1G,9218
2026-02-09,15:26:11,SILVER 1G,300
2026-02-09,15:26:11,GOLD 24 KT 1G,15895
2026-02-09,15:26:11,GOLD 22 KT 1G,14560
2026-02-09,15:26:11,GOLD 18 KT 1G,11921
2026-02-09,15:26:11,GOLD 14 KT 1G,9272
2026-02-09,14:12:14,SILVER 1G,300
2026-02-09,14:12:14,GOLD 24 KT 1G,15895
2026-02-09,14:12:14,GOLD 22 KT 1G,14560
2026-02-09,14:12:14,GOLD 18 KT 1G,11921
2026-02-09,14:12:14,GOLD 14 KT 1G,9272
2026-02-09,13:22:16,SILVER 1G,300
2026-02-09,13:22:16,GOLD 24 KT 1G,15895
2026-02-09,13:22:16,GOLD 22 KT 1G,14560
2026-02-09,13:22:16,GOLD 18 KT 1G,11921
2026-02-09,13:22:16,GOLD 14 KT 1G,9272
2026-02-09,11:34:02,SILVER 1G,300
2026-02-09,11:34:02,GOLD 24 KT 1G,15895
2026-02-09,11:34:02,GOLD 22 KT 1G,14560
2026-02-09,11:34:02,GOLD 18 KT 1G,11921
2026-02-09,11:34:02,GOLD 14 KT 1G,9272
2026-02-09,09:51:39,SILVER 1G,285
2026-02-09,09:51:39,GOLD 24 KT 1G,15671
2026-02-09,09:51:39,GOLD 22 KT 1G,14355
2026-02-09,09:51:39,GOLD 18 KT 1G,11754
2026-02-09,09:51:39,GOLD 14 KT 1G,9141
2026-02-09,06:58:39,SILVER 1G,285
2026-02-09,06:58:39,GOLD 24 KT 1G,15671
2026-02-09,06:58:39,GOLD 22 KT 1G,14355
2026-02-09,06:58:39,GOLD 18 KT 1G,11754
2026-02-09,06:58:39,GOLD 14 KT 1G,9141
2026-02-09,04:53:59,SILVER 1G,285
2026-02-09,04:53:59,GOLD 24 KT 1G,15671
2026-02-09,04:53:59,GOLD 22 KT 1G,14355
2026-02-09,04:53:59,GOLD 18 KT 1G,11754
2026-02-09,04:53:59,GOLD 14 KT 1G,9141
2026-02-09,03:50:20,SILVER 1G,285
2026-02-09,03:50:20,GOLD 24 KT 1G,15671
2026-02-09,03:50:20,GOLD 22 KT 1G,14355
2026-02-09,03:50:20,GOLD 18 KT 1G,11754
2026-02-09,03:50:20,GOLD 14 KT 1G,9141
2026-02-09,02:50:35,SILVER 1G,285
2026-02-09,02:50:35,GOLD 24 KT 1G,15671
2026-02-09,02:50:35,GOLD 22 KT 1G,14355
2026-02-09,02:50:35,GOLD 18 KT 1G,11754
2026-02-09,02:50:35,GOLD 14 KT 1G,9141
2026-02-09,01:49:03,SILVER 1G,285
2026-02-09,01:49:03,GOLD 24 KT 1G,15671
2026-02-09,01:49:03,GOLD 22 KT 1G,14355
2026-02-09,01:49:03,GOLD 18 KT 1G,11754
2026-02-09,01:49:03,GOLD 14 KT 1G,9141
2026-02-09,00:50:03,SILVER 1G,285
2026-02-09,00:50:03,GOLD 24 KT 1G,15671
2026-02-09,00:50:03,GOLD 22 KT 1G,14355
2026-02-09,00:50:03,GOLD 18 KT 1G,11754
2026-02-09,00:50:03,GOLD 14 KT 1G,9141
2026-02-08,23:57:24,SILVER 1G,285
2026-02-08,23:57:24,GOLD 24 KT 1G,15671
2026-02-08,23:57:24,GOLD 22 KT 1G,14355
2026-02-08,23:57:24,GOLD 18 KT 1G,11754
2026-02-08,23:57:24,GOLD 14 KT 1G,9141
2026-02-08,22:52:01,SILVER 1G,285
2026-02-08,22:52:01,GOLD 24 KT 1G,15671
2026-02-08,22:52:01,GOLD 22 KT 1G,14355
2026-02-08,22:52:01,GOLD 18 KT 1G,11754
2026-02-08,22:52:01,GOLD 14 KT 1G,9141
2026-02-08,21:52:24,SILVER 1G,285
2026-02-08,21:52:24,GOLD 24 KT 1G,15671
2026-02-08,21:52:24,GOLD 22 KT 1G,14355
2026-02-08,21:52:24,GOLD 18 KT 1G,11754
2026-02-08,21:52:24,GOLD 14 KT 1G,9141
2026-02-08,20:49:45,SILVER 1G,285
2026-02-08,20:49:45,GOLD 24 KT 1G,15671
2026-02-08,20:49:45,GOLD 22 KT 1G,14355
2026-02-08,20:49:45,GOLD 18 KT 1G,11754
2026-02-08,20:49:45,GOLD 14 KT 1G,9141
2026-02-08,19:51:40,SILVER 1G,285
2026-02-08,19:51:40,GOLD 24 KT 1G,15671
2026-02-08,19:51:40,GOLD 22 KT 1G,14355
2026-02-08,19:51:40,GOLD 18 KT 1G,11754
2026-02-08,19:51:40,GOLD 14 KT 1G,9141
2026-02-08,19:10:01,SILVER 1G,285
2026-02-08,19:10:01,GOLD 24 KT 1G,15671
2026-02-08,19:10:01,GOLD 22 KT 1G,14355
2026-02-08,19:10:01,GOLD 18 KT 1G,11754
2026-02-08,19:10:01,GOLD 14 KT 1G,9141
2026-02-08,18:03:59,SILVER 1G,285
2026-02-08,18:03:59,GOLD 24 KT 1G,15671
2026-02-08,18:03:59,GOLD 22 KT 1G,14355
2026-02-08,18:03:59,GOLD 18 KT 1G,11754
2026-02-08,18:03:59,GOLD 14 KT 1G,9141
2026-02-08,16:48:06,SILVER 1G,285
2026-02-08,16:48:06,GOLD 24 KT 1G,15671
2026-02-08,16:48:06,GOLD 22 KT 1G,14355
2026-02-08,16:48:06,GOLD 18 KT 1G,11754
2026-02-08,16:48:06,GOLD 14 KT 1G,9141
2026-02-08,15:50:17,SILVER 1G,285
2026-02-08,15:50:17,GOLD 24 KT 1G,15671
2026-02-08,15:50:17,GOLD 22 KT 1G,14355
2026-02-08,15:50:17,GOLD 18 KT 1G,11754
2026-02-08,15:50:17,GOLD 14 KT 1G,9141
2026-02-08,14:54:35,SILVER 1G,285
2026-02-08,14:54:35,GOLD 24 KT 1G,15671
2026-02-08,14:54:35,GOLD 22 KT 1G,14355
2026-02-08,14:54:35,GOLD 18 KT 1G,11754
2026-02-08,14:54:35,GOLD 14 KT 1G,9141
2026-02-08,13:54:53,SILVER 1G,285
2026-02-08,13:54:53,GOLD 24 KT 1G,15671
2026-02-08,13:54:53,GOLD 22 KT 1G,14355
2026-02-08,13:54:53,GOLD 18 KT 1G,11754
2026-02-08,13:54:53,GOLD 14 KT 1G,9141
2026-02-08,13:05:07,SILVER 1G,285
2026-02-08,13:05:07,GOLD 24 KT 1G,15671
2026-02-08,13:05:07,GOLD 22 KT 1G,14355
2026-02-08,13:05:07,GOLD 18 KT 1G,11754
2026-02-08,13:05:07,GOLD 14 KT 1G,9141
2026-02-08,12:21:24,SILVER 1G,285
2026-02-08,12:21:24,GOLD 24 KT 1G,15671
2026-02-08,12:21:24,GOLD 22 KT 1G,14355
2026-02-08,12:21:24,GOLD 18 KT 1G,11754
2026-02-08,12:21:24,GOLD 14 KT 1G,9141
2026-02-08,11:28:00,SILVER 1G,285
2026-02-08,11:28:00,GOLD 24 KT 1G,15671
2026-02-08,11:28:00,GOLD 22 KT 1G,14355
2026-02-08,11:28:00,GOLD 18 KT 1G,11754
2026-02-08,11:28:00,GOLD 14 KT 1G,9141
2026-02-08,10:03:59,SILVER 1G,285
2026-02-08,10:03:59,GOLD 24 KT 1G,15671
2026-02-08,10:03:59,GOLD 22 KT 1G,14355
2026-02-08,10:03:59,GOLD 18 KT 1G,11754
2026-02-08,10:03:59,GOLD 14 KT 1G,9141
2026-02-08,07:28:24,SILVER 1G,285
2026-02-08,07:28:24,GOLD 24 KT 1G,15671
2026-02-08,07:28:24,GOLD 22 KT 1G,14355
2026-02-08,07:28:24,GOLD 18 KT 1G,11754
2026-02-08,07:28:24,GOLD 14 KT 1G,9141
2026-02-08,04:53:14,SILVER 1G,285
2026-02-08,04:53:14,GOLD 24 KT 1G,15671
2026-02-08,04:53:14,GOLD 22 KT 1G,14355
2026-02-08,04:53:14,GOLD 18 KT 1G,11754
2026-02-08,04:53:14,GOLD 14 KT 1G,9141
2026-02-08,03:48:30,SILVER 1G,285
2026-02-08,03:48:30,GOLD 24 KT 1G,15671
2026-02-08,03:48:30,GOLD 22 KT 1G,14355
2026-02-08,03:48:30,GOLD 18 KT 1G,11754
2026-02-08,03:48:30,GOLD 14 KT 1G,9141
2026-02-08,02:50:11,SILVER 1G,285
2026-02-08,02:50:11,GOLD 24 KT 1G,15671
2026-02-08,02:50:11,GOLD 22 KT 1G,14355
2026-02-08,02:50:11,GOLD 18 KT 1G,11754
2026-02-08,02:50:11,GOLD 14 KT 1G,9141
2026-02-08,01:49:27,SILVER 1G,285
2026-02-08,01:49:27,GOLD 24 KT 1G,15671
2026-02-08,01:49:27,GOLD 22 KT 1G,14355
2026-02-08,01:49:27,GOLD 18 KT 1G,11754
2026-02-08,01:49:27,GOLD 14 KT 1G,9141
2026-02-08,00:49:16,SILVER 1G,285
2026-02-08,00:49:16,GOLD 24 KT 1G,15671
2026-02-08,00:49:16,GOLD 22 KT 1G,14355
2026-02-08,00:49:16,GOLD 18 KT 1G,11754
2026-02-08,00:49:16,GOLD 14 KT 1G,9141
2026-02-07,23:55:54,SILVER 1G,285
2026-02-07,23:55:54,GOLD 24 KT 1G,15671
2026-02-07,23:55:54,GOLD 22 KT 1G,14355
2026-02-07,23:55:54,GOLD 18 KT 1G,11754
2026-02-07,23:55:54,GOLD 14 KT 1G,9141
2026-02-07,22:50:58,SILVER 1G,285
2026-02-07,22:50:58,GOLD 24 KT 1G,15671
2026-02-07,22:50:58,GOLD 22 KT 1G,14355
2026-02-07,22:50:58,GOLD 18 KT 1G,11754
2026-02-07,22:50:58,GOLD 14 KT 1G,9141
2026-02-07,21:51:06,SILVER 1G,285
2026-02-07,21:51:06,GOLD 24 KT 1G,15671
2026-02-07,21:51:06,GOLD 22 KT 1G,14355
2026-02-07,21:51:06,GOLD 18 KT 1G,11754
2026-02-07,21:51:06,GOLD 14 KT 1G,9141
2026-02-07,20:48:34,SILVER 1G,285
2026-02-07,20:48:34,GOLD 24 KT 1G,15671
2026-02-07,20:48:34,GOLD 22 KT 1G,14355
2026-02-07,20:48:34,GOLD 18 KT 1G,11754
2026-02-07,20:48:34,GOLD 14 KT 1G,9141
2026-02-07,19:49:54,SILVER 1G,285
2026-02-07,19:49:54,GOLD 24 KT 1G,15671
2026-02-07,19:49:54,GOLD 22 KT 1G,14355
2026-02-07,19:49:54,GOLD 18 KT 1G,11754
2026-02-07,19:49:54,GOLD 14 KT 1G,9141
2026-02-07,19:09:10,SILVER 1G,285
2026-02-07,19:09:10,GOLD 24 KT 1G,15671
2026-02-07,19:09:10,GOLD 22 KT 1G,14355
2026-02-07,19:09:10,GOLD 18 KT 1G,11754
2026-02-07,19:09:10,GOLD 14 KT 1G,9141
2026-02-07,18:02:43,SILVER 1G,285
2026-02-07,18:02:43,GOLD 24 KT 1G,15671
2026-02-07,18:02:43,GOLD 22 KT 1G,14355
2026-02-07,18:02:43,GOLD 18 KT 1G,11754
2026-02-07,18:02:43,GOLD 14 KT 1G,9141
2026-02-07,16:46:58,SILVER 1G,285
2026-02-07,16:46:58,GOLD 24 KT 1G,15671
2026-02-07,16:46:58,GOLD 22 KT 1G,14355
2026-02-07,16:46:58,GOLD 18 KT 1G,11754
2026-02-07,16:46:58,GOLD 14 KT 1G,9141
2026-02-07,15:48:52,SILVER 1G,285
2026-02-07,15:48:52,GOLD 24 KT 1G,15671
2026-02-07,15:48:52,GOLD 22 KT 1G,14355
2026-02-07,15:48:52,GOLD 18 KT 1G,11754
2026-02-07,15:48:52,GOLD 14 KT 1G,9141
2026-02-07,14:54:40,SILVER 1G,285
2026-02-07,14:54:40,GOLD 24 KT 1G,15671
2026-02-07,14:54:40,GOLD 22 KT 1G,14355
2026-02-07,14:54:40,GOLD 18 KT 1G,11754
2026-02-07,14:54:40,GOLD 14 KT 1G,9141
2026-02-07,13:53:09,SILVER 1G,285
2026-02-07,13:53:09,GOLD 24 KT 1G,15671
2026-02-07,13:53:09,GOLD 22 KT 1G,14355
2026-02-07,13:53:09,GOLD 18 KT 1G,11754
2026-02-07,13:53:09,GOLD 14 KT 1G,9141
2026-02-07,12:57:33,SILVER 1G,285
2026-02-07,12:57:33,GOLD 24 KT 1G,15671
2026-02-07,12:57:33,GOLD 22 KT 1G,14355
2026-02-07,12:57:33,GOLD 18 KT 1G,11754
2026-02-07,12:57:33,GOLD 14 KT 1G,9141
2026-02-07,12:03:57,SILVER 1G,285
2026-02-07,12:03:57,GOLD 24 KT 1G,15671
2026-02-07,12:03:57,GOLD 22 KT 1G,14355
2026-02-07,12:03:57,GOLD 18 KT 1G,11754
2026-02-07,12:03:57,GOLD 14 KT 1G,9141
2026-02-07,11:06:44,SILVER 1G,285
2026-02-07,11:06:44,GOLD 24 KT 1G,15671
2026-02-07,11:06:44,GOLD 22 KT 1G,14355
2026-02-07,11:06:44,GOLD 18 KT 1G,11754
2026-02-07,11:06:44,GOLD 14 KT 1G,9141
2026-02-07,09:32:46,SILVER 1G,280
2026-02-07,09:32:46,GOLD 24 KT 1G,15382
2026-02-07,09:32:46,GOLD 22 KT 1G,14090
2026-02-07,09:32:46,GOLD 18 KT 1G,11537
2026-02-07,09:32:46,GOLD 14 KT 1G,8972
2026-02-07,06:51:56,SILVER 1G,280
2026-02-07,06:51:56,GOLD 24 KT 1G,15382
2026-02-07,06:51:56,GOLD 22 KT 1G,14090
2026-02-07,06:51:56,GOLD 18 KT 1G,11537
2026-02-07,06:51:56,GOLD 14 KT 1G,8972
2026-02-07,04:48:58,SILVER 1G,280
2026-02-07,04:48:58,GOLD 24 KT 1G,15382
2026-02-07,04:48:58,GOLD 22 KT 1G,14090
2026-02-07,04:48:58,GOLD 18 KT 1G,11537
2026-02-07,04:48:58,GOLD 14 KT 1G,8972
2026-02-07,03:46:53,SILVER 1G,280
2026-02-07,03:46:53,GOLD 24 KT 1G,15382
2026-02-07,03:46:53,GOLD 22 KT 1G,14090
2026-02-07,03:46:53,GOLD 18 KT 1G,11537
2026-02-07,03:46:53,GOLD 14 KT 1G,8972
2026-02-07,02:55:09,SILVER 1G,280
2026-02-07,02:55:09,GOLD 24 KT 1G,15382
2026-02-07,02:55:09,GOLD 22 KT 1G,14090
2026-02-07,02:55:09,GOLD 18 KT 1G,11537
2026-02-07,02:55:09,GOLD 14 KT 1G,8972
2026-02-07,01:56:05,SILVER 1G,280
2026-02-07,01:56:05,GOLD 24 KT 1G,15382
2026-02-07,01:56:05,GOLD 22 KT 1G,14090
2026-02-07,01:56:05,GOLD 18 KT 1G,11537
2026-02-07,01:56:05,GOLD 14 KT 1G,8972
2026-02-07,01:03:51,SILVER 1G,280
2026-02-07,01:03:51,GOLD 24 KT 1G,15382
2026-02-07,01:03:51,GOLD 22 KT 1G,14090
2026-02-07,01:03:51,GOLD 18 KT 1G,11537
2026-02-07,01:03:51,GOLD 14 KT 1G,8972
2026-02-07,00:09:06,SILVER 1G,280
2026-02-07,00:09:06,GOLD 24 KT 1G,15382
2026-02-07,00:09:06,GOLD 22 KT 1G,14090
2026-02-07,00:09:06,GOLD 18 KT 1G,11537
2026-02-07,00:09:06,GOLD 14 KT 1G,8972
2026-02-06,23:07:22,SILVER 1G,280
2026-02-06,23:07:22,GOLD 24 KT 1G,15382
2026-02-06,23:07:22,GOLD 22 KT 1G,14090
2026-02-06,23:07:22,GOLD 18 KT 1G,11537
2026-02-06,23:07:22,GOLD 14 KT 1G,8972
2026-02-06,22:06:26,SILVER 1G,280
2026-02-06,22:06:26,GOLD 24 KT 1G,15382
2026-02-06,22:06:26,GOLD 22 KT 1G,14090
2026-02-06,22:06:26,GOLD 18 KT 1G,11537
2026-02-06,22:06:26,GOLD 14 KT 1G,8972
2026-02-06,21:04:04,SILVER 1G,280
2026-02-06,21:04:04,GOLD 24 KT 1G,15382
2026-02-06,21:04:04,GOLD 22 KT 1G,14090
2026-02-06,21:04:04,GOLD 18 KT 1G,11537
2026-02-06,21:04:04,GOLD 14 KT 1G,8972
2026-02-06,20:09:14,SILVER 1G,280
2026-02-06,20:09:14,GOLD 24 KT 1G,15382
2026-02-06,20:09:14,GOLD 22 KT 1G,14090
2026-02-06,20:09:14,GOLD 18 KT 1G,11537
2026-02-06,20:09:14,GOLD 14 KT 1G,8972
2026-02-06,19:27:55,SILVER 1G,280
2026-02-06,19:27:55,GOLD 24 KT 1G,15382
2026-02-06,19:27:55,GOLD 22 KT 1G,14090
2026-02-06,19:27:55,GOLD 18 KT 1G,11537
2026-02-06,19:27:55,GOLD 14 KT 1G,8972
2026-02-06,18:12:27,SILVER 1G,280
2026-02-06,18:12:27,GOLD 24 KT 1G,15382
2026-02-06,18:12:27,GOLD 22 KT 1G,14090
2026-02-06,18:12:27,GOLD 18 KT 1G,11537
2026-02-06,18:12:27,GOLD 14 KT 1G,8972
2026-02-06,16:58:53,SILVER 1G,280
2026-02-06,16:58:53,GOLD 24 KT 1G,15382
2026-02-06,16:58:53,GOLD 22 KT 1G,14090
2026-02-06,16:58:53,GOLD 18 KT 1G,11537
2026-02-06,16:58:53,GOLD 14 KT 1G,8972
2026-02-06,16:03:17,SILVER 1G,280
2026-02-06,16:03:17,GOLD 24 KT 1G,15382
2026-02-06,16:03:17,GOLD 22 KT 1G,14090
2026-02-06,16:03:17,GOLD 18 KT 1G,11537
2026-02-06,16:03:17,GOLD 14 KT 1G,8972
2026-02-06,15:06:18,SILVER 1G,280
2026-02-06,15:06:18,GOLD 24 KT 1G,15382
2026-02-06,15:06:18,GOLD 22 KT 1G,14090
2026-02-06,15:06:18,GOLD 18 KT 1G,11537
2026-02-06,15:06:18,GOLD 14 KT 1G,8972
2026-02-06,14:04:08,SILVER 1G,280
2026-02-06,14:04:08,GOLD 24 KT 1G,15246
2026-02-06,14:04:08,GOLD 22 KT 1G,13965
2026-02-06,14:04:08,GOLD 18 KT 1G,11434
2026-02-06,14:04:08,GOLD 14 KT 1G,8893
2026-02-06,13:11:57,SILVER 1G,280
2026-02-06,13:11:57,GOLD 24 KT 1G,15246
2026-02-06,13:11:57,GOLD 22 KT 1G,13965
2026-02-06,13:11:57,GOLD 18 KT 1G,11434
2026-02-06,13:11:57,GOLD 14 KT 1G,8893
2026-02-06,12:14:33,SILVER 1G,280
2026-02-06,12:14:33,GOLD 24 KT 1G,15246
2026-02-06,12:14:33,GOLD 22 KT 1G,13965
2026-02-06,12:14:33,GOLD 18 KT 1G,11434
2026-02-06,12:14:33,GOLD 14 KT 1G,8893
2026-02-06,11:18:19,SILVER 1G,280
2026-02-06,11:18:19,GOLD 24 KT 1G,15246
2026-02-06,11:18:19,GOLD 22 KT 1G,13965
2026-02-06,11:18:19,GOLD 18 KT 1G,11434
2026-02-06,11:18:19,GOLD 14 KT 1G,8893
2026-02-06,09:39:12,SILVER 1G,300
2026-02-06,09:39:12,GOLD 24 KT 1G,15453
2026-02-06,09:39:12,GOLD 22 KT 1G,14155
2026-02-06,09:39:12,GOLD 18 KT 1G,11590
2026-02-06,09:39:12,GOLD 14 KT 1G,9014
2026-02-06,06:53:34,SILVER 1G,300
2026-02-06,06:53:34,GOLD 24 KT 1G,15453
2026-02-06,06:53:34,GOLD 22 KT 1G,14155
2026-02-06,06:53:34,GOLD 18 KT 1G,11590
2026-02-06,06:53:34,GOLD 14 KT 1G,9014
2026-02-06,04:48:10,SILVER 1G,300
2026-02-06,04:48:10,GOLD 24 KT 1G,15453
2026-02-06,04:48:10,GOLD 22 KT 1G,14155
2026-02-06,04:48:10,GOLD 18 KT 1G,11590
2026-02-06,04:48:10,GOLD 14 KT 1G,9014
2026-02-06,03:50:32,SILVER 1G,300
2026-02-06,03:50:32,GOLD 24 KT 1G,15453
2026-02-06,03:50:32,GOLD 22 KT 1G,14155
2026-02-06,03:50:32,GOLD 18 KT 1G,11590
2026-02-06,03:50:32,GOLD 14 KT 1G,9014
2026-02-06,02:51:54,SILVER 1G,300
2026-02-06,02:51:54,GOLD 24 KT 1G,15453
2026-02-06,02:51:54,GOLD 22 KT 1G,14155
2026-02-06,02:51:54,GOLD 18 KT 1G,11590
2026-02-06,02:51:54,GOLD 14 KT 1G,9014
2026-02-06,01:56:10,SILVER 1G,300
2026-02-06,01:56:10,GOLD 24 KT 1G,15453
2026-02-06,01:56:10,GOLD 22 KT 1G,14155
2026-02-06,01:56:10,GOLD 18 KT 1G,11590
2026-02-06,01:56:10,GOLD 14 KT 1G,9014
2026-02-06,01:03:42,SILVER 1G,300
2026-02-06,01:03:42,GOLD 24 KT 1G,15453
2026-02-06,01:03:42,GOLD 22 KT 1G,14155
2026-02-06,01:03:42,GOLD 18 KT 1G,11590
2026-02-06,01:03:42,GOLD 14 KT 1G,9014
2026-02-06,00:09:41,SILVER 1G,300
2026-02-06,00:09:41,GOLD 24 KT 1G,15453
2026-02-06,00:09:41,GOLD 22 KT 1G,14155
2026-02-06,00:09:41,GOLD 18 KT 1G,11590
2026-02-06,00:09:41,GOLD 14 KT 1G,9014
2026-02-05,23:12:35,SILVER 1G,300
2026-02-05,23:12:35,GOLD 24 KT 1G,15453
2026-02-05,23:12:35,GOLD 22 KT 1G,14155
2026-02-05,23:12:35,GOLD 18 KT 1G,11590
2026-02-05,23:12:35,GOLD 14 KT 1G,9014
2026-02-05,22:09:18,SILVER 1G,300
2026-02-05,22:09:18,GOLD 24 KT 1G,15453
2026-02-05,22:09:18,GOLD 22 KT 1G,14155
2026-02-05,22:09:18,GOLD 18 KT 1G,11590
2026-02-05,22:09:18,GOLD 14 KT 1G,9014
2026-02-05,21:05:58,SILVER 1G,300
2026-02-05,21:05:58,GOLD 24 KT 1G,15453
2026-02-05,21:05:58,GOLD 22 KT 1G,14155
2026-02-05,21:05:58,GOLD 18 KT 1G,11590
2026-02-05,21:05:58,GOLD 14 KT 1G,9014
2026-02-05,19:31:42,SILVER 1G,300
2026-02-05,19:31:42,GOLD 24 KT 1G,15453
2026-02-05,19:31:42,GOLD 22 KT 1G,14155
2026-02-05,19:31:42,GOLD 18 KT 1G,11590
2026-02-05,19:31:42,GOLD 14 KT 1G,9014
2026-02-05,18:14:16,SILVER 1G,300
2026-02-05,18:14:16,GOLD 24 KT 1G,15453
2026-02-05,18:14:16,GOLD 22 KT 1G,14155
2026-02-05,18:14:16,GOLD 18 KT 1G,11590
2026-02-05,18:14:16,GOLD 14 KT 1G,9014
2026-02-05,16:46:31,SILVER 1G,300
2026-02-05,16:46:31,GOLD 24 KT 1G,15453
2026-02-05,16:46:31,GOLD 22 KT 1G,14155
2026-02-05,16:46:31,GOLD 18 KT 1G,11590
2026-02-05,16:46:31,GOLD 14 KT 1G,9014
2026-02-05,11:05:47,SILVER 1G,300
2026-02-05,11:05:47,GOLD 24 KT 1G,15453
2026-02-05,11:05:47,GOLD 22 KT 1G,14155
2026-02-05,11:05:47,GOLD 18 KT 1G,11590
2026-02-05,11:05:47,GOLD 14 KT 1G,9014
